session	run	trial_nr	n1	n2	prob1	prob2	risky_first	n_risky	n_safe	log_risky_safe	choice	chose_risky	rt	certainty
3t2	1	1	20.0	63.0	1.0	0.55	False	63.0	20.0	1.1474024528375417	2	True	1.2810363329476644	2.0
3t2	1	2	7.0	22.0	1.0	0.55	False	22.0	7.0	1.1451323043030026	2	True	1.9427843537519038	1.0
3t2	1	3	20.0	53.0	1.0	0.55	False	53.0	20.0	0.9745596399981308	2	True	2.1272832964627924	2.0
3t2	1	4	14.0	23.0	1.0	0.55	False	23.0	14.0	0.49643688631389105	1	False	1.008775633265941	2.0
3t2	1	5	28.0	89.0	1.0	0.55	False	89.0	28.0	1.1564318595569358	2	True	1.8440920047746943	1.0
3t2	1	6	7.0	11.0	1.0	0.55	False	11.0	7.0	0.4519851237430572	1	False	1.1916316120482975	1.0
3t2	1	7	7.0	11.0	1.0	0.55	False	11.0	7.0	0.4519851237430572	1	False	1.057781884183484	1.0
3t2	1	8	7.0	15.0	1.0	0.55	False	15.0	7.0	0.7621400520468967	1	False	3.3290071429150743	2.0
3t2	1	9	5.0	15.0	1.0	0.55	False	15.0	5.0	1.0986122886681098	2	True	3.2966511199851993	
3t2	1	10	28.0	56.0	1.0	0.55	False	56.0	28.0	0.6931471805599453	2	True	0.9913527421254003	1.0
3t2	1	11	14.0	28.0	1.0	0.55	False	28.0	14.0	0.6931471805599453	2	True	1.8951212228330405	2.0
3t2	1	12	20.0	37.0	1.0	0.55	False	37.0	20.0	0.6151856390902335	2	True	1.843653238178831	2.0
3t2	1	13	20.0	10.0	0.55	1.0	True	20.0	10.0	0.6931471805599453	1	True	2.176373624220986	2.0
3t2	1	14	37.0	14.0	0.55	1.0	True	37.0	14.0	0.9718605830289658	1	True	1.742575999888686	2.0
3t2	1	15	74.0	28.0	0.55	1.0	True	74.0	28.0	0.9718605830289658	1	True	1.4253067674626436	1.0
3t2	1	16	56.0	28.0	0.55	1.0	True	56.0	28.0	0.6931471805599453	1	True	2.794847084115645	2.0
3t2	1	17	14.0	7.0	0.55	1.0	True	14.0	7.0	0.6931471805599453	1	True	1.8934511373427085	1.0
3t2	1	18	15.0	7.0	0.55	1.0	True	15.0	7.0	0.7621400520468967	2	False	1.5089921537324358	2.0
3t2	1	19	22.0	10.0	0.55	1.0	True	22.0	10.0	0.7884573603642703	2	False	2.4442894497424277	2.0
3t2	1	20	26.0	10.0	0.55	1.0	True	26.0	10.0	0.9555114450274363	2	False	2.4275292287561	1.0
3t2	1	21	31.0	10.0	0.55	1.0	True	31.0	10.0	1.1314021114911006	1	True	2.2936270658720446	2.0
3t2	1	22	33.0	20.0	0.55	1.0	True	33.0	20.0	0.5007752879124892	2	False	2.0767736069838634	1.0
3t2	1	23	63.0	20.0	0.55	1.0	True	63.0	20.0	1.1474024528375417	1	True	2.2436676427415136	2.0
3t2	1	24	17.0	7.0	0.55	1.0	True	17.0	7.0	0.8873031950009027	1	True	2.2768388192716884	1.0
3t2	2	25	12.0	5.0	0.55	1.0	True	12.0	5.0	0.8754687373538999	1	True	1.646473458688888	1.0
3t2	2	26	33.0	20.0	0.55	1.0	True	33.0	20.0	0.5007752879124892	2	False	1.626489086736001	1.0
3t2	2	27	18.0	10.0	0.55	1.0	True	18.0	10.0	0.5877866649021191	1	True	2.5941671164328	2.0
3t2	2	28	9.0	5.0	0.55	1.0	True	9.0	5.0	0.5877866649021191	2	False	3.0119042560659324	2.0
3t2	2	29	24.0	10.0	0.55	1.0	True	24.0	10.0	0.8754687373538999	2	False	2.410260930516415	2.0
3t2	2	30	28.0	14.0	0.55	1.0	True	28.0	14.0	0.6931471805599453	2	False	2.293537263368293	1.0
3t2	2	31	23.0	14.0	0.55	1.0	True	23.0	14.0	0.49643688631389105	2	False	1.342135485459039	1.0
3t2	2	32	44.0	14.0	0.55	1.0	True	44.0	14.0	1.1451323043030026	1	True	1.7590327607367584	1.0
3t2	2	33	53.0	20.0	0.55	1.0	True	53.0	20.0	0.9745596399981308	2	False	2.3107383604051677	2.0
3t2	2	34	13.0	5.0	0.55	1.0	True	13.0	5.0	0.9555114450274363	1	True	2.143411886415805	2.0
3t2	2	35	37.0	20.0	0.55	1.0	True	37.0	20.0	0.6151856390902335	2	False	2.07666723019247	1.0
3t2	2	36	11.0	5.0	0.55	1.0	True	11.0	5.0	0.7884573603642703	1	True	1.8594608896532634	1.0
3t2	2	37	20.0	53.0	1.0	0.55	False	53.0	20.0	0.9745596399981308	1	False	1.7260631878138781	2.0
3t2	2	38	28.0	81.0	1.0	0.55	False	81.0	28.0	1.0622446444972349	2	True	0.8912467570899025	1.0
3t2	2	39	10.0	29.0	1.0	0.55	False	29.0	10.0	1.0647107369924282	2	True	1.3579316856080368	1.0
3t2	2	40	7.0	17.0	1.0	0.55	False	17.0	7.0	0.8873031950009027	2	True	2.761281138189588	1.0
3t2	2	41	10.0	26.0	1.0	0.55	False	26.0	10.0	0.9555114450274363	2	True	1.7097664441794223	1.0
3t2	2	42	7.0	15.0	1.0	0.55	False	15.0	7.0	0.7621400520468967	1	False	2.5610462654663024	2.0
3t2	2	43	20.0	58.0	1.0	0.55	False	58.0	20.0	1.0647107369924282	2	True	0.8912699610923482	1.0
3t2	2	44	14.0	40.0	1.0	0.55	False	40.0	14.0	1.0498221244986776	2	True	1.976858376930977	2.0
3t2	2	45	5.0	12.0	1.0	0.55	False	12.0	5.0	0.8754687373538999	1	False	2.143795204485741	1.0
3t2	2	46	14.0	37.0	1.0	0.55	False	37.0	14.0	0.9718605830289658	2	True	0.9904453752164954	2.0
3t2	2	47	14.0	31.0	1.0	0.55	False	31.0	14.0	0.7949298748698876	2	True	1.4089907373836468	2.0
3t2	2	48	28.0	89.0	1.0	0.55	False	89.0	28.0	1.1564318595569358	2	True	1.9438939269703042	1.0
3t2	3	49	28.0	74.0	1.0	0.55	False	74.0	28.0	0.9718605830289658	2	True	1.597020304707712	2.0
3t2	3	50	28.0	47.0	1.0	0.55	False	47.0	28.0	0.5179430915348546	2	True	1.8430098544686189	2.0
3t2	3	51	5.0	11.0	1.0	0.55	False	11.0	5.0	0.7884573603642703	1	False	1.609771356195779	1.0
3t2	3	52	14.0	23.0	1.0	0.55	False	23.0	14.0	0.49643688631389105	2	True	2.727979476813289	2.0
3t2	3	53	10.0	20.0	1.0	0.55	False	20.0	10.0	0.6931471805599453	2	True	1.6756948318056857	1.0
3t2	3	54	20.0	48.0	1.0	0.55	False	48.0	20.0	0.8754687373538999	2	True	1.3142487945220438	1.0
3t2	3	55	28.0	81.0	1.0	0.55	False	81.0	28.0	1.0622446444972349	2	True	1.0754579098979775	2.0
3t2	3	56	7.0	18.0	1.0	0.55	False	18.0	7.0	0.9444616088408515	1	False	2.381204094874178	1.0
3t2	3	57	20.0	33.0	1.0	0.55	False	33.0	20.0	0.5007752879124892	2	True	1.3755607006160062	2.0
3t2	3	58	10.0	22.0	1.0	0.55	False	22.0	10.0	0.7884573603642703	2	True	2.127018107861659	2.0
3t2	3	59	14.0	25.0	1.0	0.55	False	25.0	14.0	0.5798184952529422	2	True	2.1270883225706996	2.0
3t2	3	60	14.0	40.0	1.0	0.55	False	40.0	14.0	1.0498221244986776	2	True	1.5257800989820396	1.0
3t2	3	61	20.0	7.0	0.55	1.0	True	20.0	7.0	1.0498221244986776	1	True	1.4250292234828805	2.0
3t2	3	62	40.0	14.0	0.55	1.0	True	40.0	14.0	1.0498221244986776	2	False	2.010102781678114	2.0
3t2	3	63	44.0	14.0	0.55	1.0	True	44.0	14.0	1.1451323043030026	1	True	1.742516935155436	2.0
3t2	3	64	37.0	20.0	0.55	1.0	True	37.0	20.0	0.6151856390902335	2	False	1.2917608010866388	1.0
3t2	3	65	58.0	20.0	0.55	1.0	True	58.0	20.0	1.0647107369924282	1	True	1.8095743933890844	2.0
3t2	3	66	15.0	5.0	0.55	1.0	True	15.0	5.0	1.0986122886681098	1	True	1.7936612691746632	1.0
3t2	3	67	51.0	28.0	0.55	1.0	True	51.0	28.0	0.5996211225491218	2	False	1.1758471645762256	1.0
3t2	3	68	14.0	5.0	0.55	1.0	True	14.0	5.0	1.0296194171811581	1	True	1.2248172534118567	2.0
3t2	3	69	53.0	20.0	0.55	1.0	True	53.0	20.0	0.9745596399981308	2	False	2.0268174987113525	2.0
3t2	3	70	23.0	14.0	0.55	1.0	True	23.0	14.0	0.49643688631389105	2	False	1.5771802797316923	1.0
3t2	3	71	89.0	28.0	0.55	1.0	True	89.0	28.0	1.1564318595569358	1	True	0.4729219836226548	1.0
3t2	3	72	62.0	28.0	0.55	1.0	True	62.0	28.0	0.7949298748698876	2	False	0.8745121509118121	1.0
3t2	4	73	16.0	10.0	0.55	1.0	True	16.0	10.0	0.47000362924573563	2	False	2.4981043535226455	2.0
3t2	4	74	40.0	14.0	0.55	1.0	True	40.0	14.0	1.0498221244986776	2	False	2.0763062120731774	2.0
3t2	4	75	34.0	14.0	0.55	1.0	True	34.0	14.0	0.8873031950009027	1	True	2.444797225645729	2.0
3t2	4	76	81.0	28.0	0.55	1.0	True	81.0	28.0	1.0622446444972349	1	True	0.9578862419248253	1.0
3t2	4	77	22.0	7.0	0.55	1.0	True	22.0	7.0	1.1451323043030026	1	True	1.174687567144261	1.0
3t2	4	78	12.0	7.0	0.55	1.0	True	12.0	7.0	0.5389965007326869	2	False	1.6422795612215992	1.0
3t2	4	79	68.0	28.0	0.55	1.0	True	68.0	28.0	0.8873031950009027	2	False	1.742238487123359	1.0
3t2	4	80	9.0	5.0	0.55	1.0	True	9.0	5.0	0.5877866649021191	2	False	2.661626275127716	1.0
3t2	4	81	31.0	14.0	0.55	1.0	True	31.0	14.0	0.7949298748698876	2	False	2.260145799487873	1.0
3t2	4	82	44.0	20.0	0.55	1.0	True	44.0	20.0	0.7884573603642703	2	False	3.161968458829506	1.0
3t2	4	83	11.0	5.0	0.55	1.0	True	11.0	5.0	0.7884573603642703	2	False	2.511015422223835	1.0
3t2	4	84	18.0	7.0	0.55	1.0	True	18.0	7.0	0.9444616088408515	1	True	2.377458607223133	2.0
3t2	4	85	20.0	40.0	1.0	0.55	False	40.0	20.0	0.6931471805599453	2	True	2.144112526756544	1.0
3t2	4	86	5.0	9.0	1.0	0.55	False	9.0	5.0	0.5877866649021191	2	True	2.9952374537915603	2.0
3t2	4	87	5.0	14.0	1.0	0.55	False	14.0	5.0	1.0296194171811581	2	True	2.644824769097795	1.0
3t2	4	88	5.0	13.0	1.0	0.55	False	13.0	5.0	0.9555114450274363	2	True	1.87611382979685	1.0
3t2	4	89	10.0	24.0	1.0	0.55	False	24.0	10.0	0.8754687373538999	2	True	1.1745531647393364	1.0
3t2	4	90	5.0	11.0	1.0	0.55	False	11.0	5.0	0.7884573603642703	2	True	1.42518200827908	1.0
3t2	4	91	14.0	44.0	1.0	0.55	False	44.0	14.0	1.1451323043030026	2	True	0.9084394163073739	1.0
3t2	4	92	7.0	12.0	1.0	0.55	False	12.0	7.0	0.5389965007326869	2	True	1.5593213341517185	2.0
3t2	4	93	20.0	48.0	1.0	0.55	False	48.0	20.0	0.8754687373538999	2	True	1.1417565671090415	1.0
3t2	4	94	7.0	14.0	1.0	0.55	False	14.0	7.0	0.6931471805599453	2	True	1.709497940720155	1.0
3t2	4	95	28.0	74.0	1.0	0.55	False	74.0	28.0	0.9718605830289658	2	True	1.3758964052785814	1.0
3t2	4	96	28.0	51.0	1.0	0.55	False	51.0	28.0	0.5996211225491218	2	True	1.0247514384219016	1.0
3t2	5	97	5.0	8.0	1.0	0.55	False	8.0	5.0	0.47000362924573563	1	False	1.6464487479333911	1.0
3t2	5	98	10.0	16.0	1.0	0.55	False	16.0	10.0	0.47000362924573563	1	False	2.928134792956385	2.0
3t2	5	99	7.0	17.0	1.0	0.55	False	17.0	7.0	0.8873031950009027	2	True	0.8414479538742086	1.0
3t2	5	100	7.0	20.0	1.0	0.55	False	20.0	7.0	1.0498221244986776	2	True	1.4247794037655552	2.0
3t2	5	101	5.0	8.0	1.0	0.55	False	8.0	5.0	0.47000362924573563	2	True	4.113645972613085	2.0
3t2	5	102	14.0	25.0	1.0	0.55	False	25.0	14.0	0.5798184952529422	2	True	1.7260945282851026	1.0
3t2	5	103	14.0	44.0	1.0	0.55	False	44.0	14.0	1.1451323043030026	2	True	1.5916246207125369	1.0
3t2	5	104	20.0	37.0	1.0	0.55	False	37.0	20.0	0.6151856390902335	2	True	0.940377465839461	1.0
3t2	5	105	10.0	31.0	1.0	0.55	False	31.0	10.0	1.1314021114911006	2	True	1.6589900593453422	1.0
3t2	5	106	7.0	18.0	1.0	0.55	False	18.0	7.0	0.9444616088408515	2	True	2.0594510656219143	2.0
3t2	5	107	20.0	58.0	1.0	0.55	False	58.0	20.0	1.0647107369924282	2	True	0.9743960404939571	1.0
3t2	5	108	10.0	20.0	1.0	0.55	False	20.0	10.0	0.6931471805599453	2	True	1.1577450289950946	1.0
3t2	5	109	28.0	14.0	0.55	1.0	True	28.0	14.0	0.6931471805599453	1	True	2.0431537192843905	1.0
3t2	5	110	14.0	5.0	0.55	1.0	True	14.0	5.0	1.0296194171811581	1	True	1.6924080420858445	2.0
3t2	5	111	17.0	7.0	0.55	1.0	True	17.0	7.0	0.8873031950009027	1	True	2.9613493639836292	2.0
3t2	5	112	15.0	5.0	0.55	1.0	True	15.0	5.0	1.0986122886681098	1	True	4.046767516686543	1.0
3t2	5	113	16.0	10.0	0.55	1.0	True	16.0	10.0	0.47000362924573563	2	False	1.4422447853522158	2.0
3t2	5	114	11.0	7.0	0.55	1.0	True	11.0	7.0	0.4519851237430572	2	False	2.1273173490899353	2.0
3t2	5	115	34.0	14.0	0.55	1.0	True	34.0	14.0	0.8873031950009027	1	True	1.8093884600166348	2.0
3t2	5	116	40.0	20.0	0.55	1.0	True	40.0	20.0	0.6931471805599453	1	True	1.6086979450593049	1.0
3t2	5	117	40.0	20.0	0.55	1.0	True	40.0	20.0	0.6931471805599453	1	True	1.8096988512206735	1.0
3t2	5	118	31.0	10.0	0.55	1.0	True	31.0	10.0	1.1314021114911006	1	True	1.492283765063803	1.0
3t2	5	119	20.0	7.0	0.55	1.0	True	20.0	7.0	1.0498221244986776	1	True	1.5257189247922724	2.0
3t2	5	120	24.0	10.0	0.55	1.0	True	24.0	10.0	0.8754687373538999	2	False	0.8750374051542167	2.0
3t2	6	121	26.0	10.0	0.55	1.0	True	26.0	10.0	0.9555114450274363	1	True	1.9643285168449154	2.0
3t2	6	122	22.0	10.0	0.55	1.0	True	22.0	10.0	0.7884573603642703	1	True	1.8425412541555488	2.0
3t2	6	123	25.0	14.0	0.55	1.0	True	25.0	14.0	0.5798184952529422	2	False	2.3695376044970544	2.0
3t2	6	124	31.0	14.0	0.55	1.0	True	31.0	14.0	0.7949298748698876	2	False	2.327347303348688	2.0
3t2	6	125	47.0	28.0	0.55	1.0	True	47.0	28.0	0.5179430915348546	2	False	1.158468270636149	1.0
3t2	6	126	37.0	14.0	0.55	1.0	True	37.0	14.0	0.9718605830289658	1	True	0.45688590832915565	1.0
3t2	6	127	58.0	20.0	0.55	1.0	True	58.0	20.0	1.0647107369924282	1	True	0.5737810440168261	1.0
3t2	6	128	47.0	28.0	0.55	1.0	True	47.0	28.0	0.5179430915348546	1	True	2.02621359194103	2.0
3t2	6	129	11.0	7.0	0.55	1.0	True	11.0	7.0	0.4519851237430572	1	True	1.5421850275115503	2.0
3t2	6	130	48.0	20.0	0.55	1.0	True	48.0	20.0	0.8754687373538999	2	False	0.8411589585685135	1.0
3t2	6	131	44.0	20.0	0.55	1.0	True	44.0	20.0	0.7884573603642703	2	False	1.3081515661343417	1.0
3t2	6	132	8.0	5.0	0.55	1.0	True	8.0	5.0	0.47000362924573563	2	False	2.9952929023174875	1.0
3t2	6	133	5.0	13.0	1.0	0.55	False	13.0	5.0	0.9555114450274363	2	True	1.175191425488265	2.0
3t2	6	134	14.0	34.0	1.0	0.55	False	34.0	14.0	0.8873031950009027	2	True	1.1583471276608464	1.0
3t2	6	135	10.0	31.0	1.0	0.55	False	31.0	10.0	1.1314021114911006	2	True	2.0597711000473	2.0
3t2	6	136	28.0	51.0	1.0	0.55	False	51.0	28.0	0.5996211225491218	2	True	0.8581961208337532	1.0
3t2	6	137	7.0	12.0	1.0	0.55	False	12.0	7.0	0.5389965007326869	1	False	2.610924323911604	2.0
3t2	6	138	10.0	29.0	1.0	0.55	False	29.0	10.0	1.0647107369924282	2	True	1.1745995727450804	1.0
3t2	6	139	10.0	24.0	1.0	0.55	False	24.0	10.0	0.8754687373538999	2	True	1.191206406233448	1.0
3t2	6	140	10.0	18.0	1.0	0.55	False	18.0	10.0	0.5877866649021191	1	False	3.11211300168452	1.0
3t2	6	141	7.0	20.0	1.0	0.55	False	20.0	7.0	1.0498221244986776	2	True	2.059942568586848	2.0
3t2	6	142	20.0	63.0	1.0	0.55	False	63.0	20.0	1.1474024528375417	2	True	0.8619847016316271	1.0
3t2	6	143	28.0	56.0	1.0	0.55	False	56.0	28.0	0.6931471805599453	2	True	0.7580985736166781	1.0
3t2	6	144	28.0	62.0	1.0	0.55	False	62.0	28.0	0.7949298748698876	1	False	1.96058272784461	2.0
3t2	7	145	10.0	16.0	1.0	0.55	False	16.0	10.0	0.47000362924573563	2	True	1.8638997852267636	1.0
3t2	7	146	14.0	28.0	1.0	0.55	False	28.0	14.0	0.6931471805599453	2	True	1.0076850451405193	1.0
3t2	7	147	5.0	10.0	1.0	0.55	False	10.0	5.0	0.6931471805599453	2	True	0.7241233934619231	1.0
3t2	7	148	20.0	33.0	1.0	0.55	False	33.0	20.0	0.5007752879124892	1	False	0.5241705849794016	1.0
3t2	7	149	10.0	18.0	1.0	0.55	False	18.0	10.0	0.5877866649021191	1	False	1.8093197520602189	1.0
3t2	7	150	20.0	44.0	1.0	0.55	False	44.0	20.0	0.7884573603642703	2	True	0.7404798045317875	1.0
3t2	7	151	20.0	44.0	1.0	0.55	False	44.0	20.0	0.7884573603642703	2	True	0.9915760429830556	1.0
3t2	7	152	10.0	26.0	1.0	0.55	False	26.0	10.0	0.9555114450274363	1	False	1.976089932687529	2.0
3t2	7	153	28.0	62.0	1.0	0.55	False	62.0	28.0	0.7949298748698876	1	False	1.1918952938968062	1.0
3t2	7	154	7.0	14.0	1.0	0.55	False	14.0	7.0	0.6931471805599453	2	True	1.3749284668811015	1.0
3t2	7	155	5.0	12.0	1.0	0.55	False	12.0	5.0	0.8754687373538999	2	True	2.5613934214543406	2.0
3t2	7	156	20.0	40.0	1.0	0.55	False	40.0	20.0	0.6931471805599453	2	True	0.7070515758678084	1.0
3t2	7	157	12.0	7.0	0.55	1.0	True	12.0	7.0	0.5389965007326869	1	True	2.8615227310329203	2.0
3t2	7	158	51.0	28.0	0.55	1.0	True	51.0	28.0	0.5996211225491218	1	True	0.5900687471311983	1.0
3t2	7	159	68.0	28.0	0.55	1.0	True	68.0	28.0	0.8873031950009027	1	True	0.389395409163626	1.0
3t2	7	160	10.0	5.0	0.55	1.0	True	10.0	5.0	0.6931471805599453	1	True	1.3082241916499413	2.0
3t2	7	161	22.0	7.0	0.55	1.0	True	22.0	7.0	1.1451323043030026	1	True	0.9917872898122368	2.0
3t2	7	162	13.0	5.0	0.55	1.0	True	13.0	5.0	0.9555114450274363		True		
3t2	7	163	89.0	28.0	0.55	1.0	True	89.0	28.0	1.1564318595569358	1	True	0.9742863488435773	1.0
3t2	7	164	10.0	5.0	0.55	1.0	True	10.0	5.0	0.6931471805599453	1	True	2.210549805282426	2.0
3t2	7	165	25.0	14.0	0.55	1.0	True	25.0	14.0	0.5798184952529422	2	False	1.3254707926399192	1.0
3t2	7	166	62.0	28.0	0.55	1.0	True	62.0	28.0	0.7949298748698876	2	False	1.5083822199486008	1.0
3t2	7	167	29.0	10.0	0.55	1.0	True	29.0	10.0	1.0647107369924282	1	True	1.1409218257148837	1.0
3t2	7	168	15.0	7.0	0.55	1.0	True	15.0	7.0	0.7621400520468967	1	True	1.2752479890113477	1.0
3t2	8	169	28.0	68.0	1.0	0.55	False	68.0	28.0	0.8873031950009027	2	True	0.9131350626648818	1.0
3t2	8	170	5.0	10.0	1.0	0.55	False	10.0	5.0	0.6931471805599453	1	False	0.9422747697453815	1.0
3t2	8	171	5.0	14.0	1.0	0.55	False	14.0	5.0	1.0296194171811581	2	True	0.9237911241980186	1.0
3t2	8	172	28.0	47.0	1.0	0.55	False	47.0	28.0	0.5179430915348546	1	False	1.943491623806949	1.0
3t2	8	173	5.0	9.0	1.0	0.55	False	9.0	5.0	0.5877866649021191	1	False	0.9577867961988886	1.0
3t2	8	174	28.0	68.0	1.0	0.55	False	68.0	28.0	0.8873031950009027	2	True	0.8745510251492306	1.0
3t2	8	175	10.0	22.0	1.0	0.55	False	22.0	10.0	0.7884573603642703	2	True	0.7741759339533161	1.0
3t2	8	176	14.0	37.0	1.0	0.55	False	37.0	14.0	0.9718605830289658	1	False	1.2924084037067587	1.0
3t2	8	177	14.0	34.0	1.0	0.55	False	34.0	14.0	0.8873031950009027	1	False	1.859745666050003	1.0
3t2	8	178	14.0	31.0	1.0	0.55	False	31.0	14.0	0.7949298748698876	2	True	1.02478880590661	2.0
3t2	8	179	5.0	15.0	1.0	0.55	False	15.0	5.0	1.0986122886681098	2	True	1.4086478003055163	1.0
3t2	8	180	7.0	22.0	1.0	0.55	False	22.0	7.0	1.1451323043030026	2	True	0.7911591544462055	1.0
3t2	8	181	81.0	28.0	0.55	1.0	True	81.0	28.0	1.0622446444972349	1	True	1.4753807038523234	1.0
3t2	8	182	56.0	28.0	0.55	1.0	True	56.0	28.0	0.6931471805599453	1	True	1.1079305555421968	2.0
3t2	8	183	74.0	28.0	0.55	1.0	True	74.0	28.0	0.9718605830289658	1	True	1.057765912596551	1.0
3t2	8	184	12.0	5.0	0.55	1.0	True	12.0	5.0	0.8754687373538999	1	True	1.0913146815337313	1.0
3t2	8	185	8.0	5.0	0.55	1.0	True	8.0	5.0	0.47000362924573563	1	True	0.9911520425703202	2.0
3t2	8	186	18.0	10.0	0.55	1.0	True	18.0	10.0	0.5877866649021191	1	True	1.658943651339598	2.0
3t2	8	187	63.0	20.0	0.55	1.0	True	63.0	20.0	1.1474024528375417	1	True	0.289697754304143	1.0
3t2	8	188	29.0	10.0	0.55	1.0	True	29.0	10.0	1.0647107369924282	1	True	1.558743042189235	1.0
3t2	8	189	18.0	7.0	0.55	1.0	True	18.0	7.0	0.9444616088408515	1	True	1.475598580397616	2.0
3t2	8	190	14.0	7.0	0.55	1.0	True	14.0	7.0	0.6931471805599453	2	False	1.1915981621222613	2.0
3t2	8	191	48.0	20.0	0.55	1.0	True	48.0	20.0	0.8754687373538999	1	True	0.4901125333854566	1.0
3t2	8	192	20.0	10.0	0.55	1.0	True	20.0	10.0	0.6931471805599453	1	True	1.5285244996593974	1.0
7t2	1	1	28.0	70.0	1.0	0.55	False	70.0	28.0	0.9162907318741551	2	True	1.4572487999998849	2.0
7t2	1	2	5.0	13.0	1.0	0.55	False	13.0	5.0	0.9555114450274363	2	True	2.657882800000152	
7t2	1	3	20.0	40.0	1.0	0.55	False	40.0	20.0	0.6931471805599453	1	False	1.956795900000074	2.0
7t2	1	4	28.0	77.0	1.0	0.55	False	77.0	28.0	1.0116009116784799	2	True	1.1652085000000625	1.0
7t2	1	5	5.0	13.0	1.0	0.55	False	13.0	5.0	0.9555114450274363	2	True	2.19046400000002	2.0
7t2	1	6	10.0	18.0	1.0	0.55	False	18.0	10.0	0.5877866649021191	2	True	1.6912812999998863	2.0
7t2	1	7	28.0	63.0	1.0	0.55	False	63.0	28.0	0.8109302162163288	2	True	1.1545274999998583	1.0
7t2	1	8	14.0	21.0	1.0	0.55	False	21.0	14.0	0.4054651081081644	2	True	2.0746706999998423	2.0
7t2	1	9	28.0	42.0	1.0	0.55	False	42.0	28.0	0.4054651081081644	2	True	1.8251694999998733	2.0
7t2	1	10	5.0	7.0	1.0	0.55	False	7.0	5.0	0.3364722366212129	1	False	1.7398693000000094	1.0
7t2	1	11	28.0	70.0	1.0	0.55	False	70.0	28.0	0.9162907318741551	2	True	0.9370969000001423	1.0
7t2	1	12	7.0	21.0	1.0	0.55	False	21.0	7.0	1.0986122886681098	2	True	1.7596459000000948	1.0
7t2	1	13	20.0	10.0	0.55	1.0	True	20.0	10.0	0.6931471805599453	1	True	1.1244968000000597	2.0
7t2	1	14	22.0	10.0	0.55	1.0	True	22.0	10.0	0.7884573603642703	1	True	1.913005800000036	2.0
7t2	1	15	15.0	10.0	0.55	1.0	True	15.0	10.0	0.4054651081081644	2	False	1.9576293999998882	2.0
7t2	1	16	63.0	28.0	0.55	1.0	True	63.0	28.0	0.8109302162163288	1	True	0.742710999999872	1.0
7t2	1	17	23.0	14.0	0.55	1.0	True	23.0	14.0	0.49643688631389105	1	True	2.1247722000002796	2.0
7t2	1	18	46.0	28.0	0.55	1.0	True	46.0	28.0	0.49643688631389105	2	False	1.1248569999997926	2.0
7t2	1	19	11.0	7.0	0.55	1.0	True	11.0	7.0	0.4519851237430572	1	True	1.907434700000067	1.0
7t2	1	20	77.0	28.0	0.55	1.0	True	77.0	28.0	1.0116009116784799	1	True	0.6112428999999793	1.0
7t2	1	21	7.0	5.0	0.55	1.0	True	7.0	5.0	0.3364722366212129	2	False	2.142432299999655	1.0
7t2	1	22	61.0	20.0	0.55	1.0	True	61.0	20.0	1.1151415906193203	1	True	1.5093230000001654	1.0
7t2	1	23	50.0	20.0	0.55	1.0	True	50.0	20.0	0.9162907318741551	1	True	2.1250430999998002	2.0
7t2	1	24	36.0	20.0	0.55	1.0	True	36.0	20.0	0.5877866649021191	2	False	0.7061119999998482	2.0
7t2	2	25	20.0	55.0	1.0	0.55	False	55.0	20.0	1.0116009116784799	2	True	0.8607885000001261	1.0
7t2	2	26	7.0	12.0	1.0	0.55	False	12.0	7.0	0.5389965007326869	1	False	1.043259499999749	1.0
7t2	2	27	14.0	38.0	1.0	0.55	False	38.0	14.0	0.9985288301111273	2	True	1.6248103000002487	1.0
7t2	2	28	14.0	38.0	1.0	0.55	False	38.0	14.0	0.9985288301111273	2	True	1.5916634000000016	2.0
7t2	2	29	10.0	15.0	1.0	0.55	False	15.0	10.0	0.4054651081081644	1	False	2.3584366000000045	2.0
7t2	2	30	7.0	10.0	1.0	0.55	False	10.0	7.0	0.3566749439387324	1	False	1.0247340999999182	1.0
7t2	2	31	14.0	42.0	1.0	0.55	False	42.0	14.0	1.0986122886681098	2	True	1.6578571999998388	1.0
7t2	2	32	10.0	25.0	1.0	0.55	False	25.0	10.0	0.9162907318741551	2	True	1.9730146000001838	2.0
7t2	2	33	14.0	31.0	1.0	0.55	False	31.0	14.0	0.7949298748698876	2	True	0.9919960000001993	1.0
7t2	2	34	7.0	17.0	1.0	0.55	False	17.0	7.0	0.8873031950009027		True		
7t2	2	35	10.0	30.0	1.0	0.55	False	30.0	10.0	1.0986122886681098	2	True	0.9424552999998923	2.0
7t2	2	36	10.0	16.0	1.0	0.55	False	16.0	10.0	0.47000362924573563	1	False	2.008612900000145	2.0
7t2	2	37	40.0	20.0	0.55	1.0	True	40.0	20.0	0.6931471805599453	2	False	1.7742130999999404	2.0
7t2	2	38	9.0	5.0	0.55	1.0	True	9.0	5.0	0.5877866649021191	2	False	2.708554199999895	2.0
7t2	2	39	10.0	5.0	0.55	1.0	True	10.0	5.0	0.6931471805599453	2	False	2.20704879999991	3.0
7t2	2	40	50.0	20.0	0.55	1.0	True	50.0	20.0	0.9162907318741551		True		
7t2	2	41	36.0	20.0	0.55	1.0	True	36.0	20.0	0.5877866649021191	2	False	1.3414763000000676	2.0
7t2	2	42	45.0	20.0	0.55	1.0	True	45.0	20.0	0.8109302162163288	1	True	0.8409130000000005	1.0
7t2	2	43	23.0	14.0	0.55	1.0	True	23.0	14.0	0.49643688631389105	1	True	1.1583768000000418	2.0
7t2	2	44	28.0	14.0	0.55	1.0	True	28.0	14.0	0.6931471805599453	2	False	1.8750426000001426	2.0
7t2	2	45	25.0	10.0	0.55	1.0	True	25.0	10.0	0.9162907318741551	1	True	1.611578400000269	2.0
7t2	2	46	61.0	20.0	0.55	1.0	True	61.0	20.0	1.1151415906193203	1	True	0.8421162000000209	1.0
7t2	2	47	22.0	10.0	0.55	1.0	True	22.0	10.0	0.7884573603642703	1	True	1.4904370999998378	2.0
7t2	2	48	85.0	28.0	0.55	1.0	True	85.0	28.0	1.1104467463151124	1	True	0.6578533000001698	1.0
7t2	3	49	18.0	10.0	0.55	1.0	True	18.0	10.0	0.5877866649021191	2	False	1.9104299999999057	2.0
7t2	3	50	30.0	10.0	0.55	1.0	True	30.0	10.0	1.0986122886681098	1	True	1.2908022999999957	2.0
7t2	3	51	35.0	14.0	0.55	1.0	True	35.0	14.0	0.9162907318741551	2	False	1.408028700000159	2.0
7t2	3	52	16.0	10.0	0.55	1.0	True	16.0	10.0	0.47000362924573563	1	True	1.5905448000003162	2.0
7t2	3	53	15.0	5.0	0.55	1.0	True	15.0	5.0	1.0986122886681098	2	False	1.8420392999996693	4.0
7t2	3	54	7.0	5.0	0.55	1.0	True	7.0	5.0	0.3364722366212129	2	False	2.006826400000122	1.0
7t2	3	55	31.0	14.0	0.55	1.0	True	31.0	14.0	0.7949298748698876	2	False	1.2078761000002345	1.0
7t2	3	56	10.0	5.0	0.55	1.0	True	10.0	5.0	0.6931471805599453	2	False	2.7081011999998594	2.0
7t2	3	57	25.0	10.0	0.55	1.0	True	25.0	10.0	0.9162907318741551	1	True	0.5593810000000019	1.0
7t2	3	58	25.0	14.0	0.55	1.0	True	25.0	14.0	0.5798184952529422	2	False	1.0575929000001736	2.0
7t2	3	59	42.0	14.0	0.55	1.0	True	42.0	14.0	1.0986122886681098	1	True	1.3254384000001664	1.0
7t2	3	60	46.0	28.0	0.55	1.0	True	46.0	28.0	0.49643688631389105	2	False	0.9591728000000899	2.0
7t2	3	61	7.0	19.0	1.0	0.55	False	19.0	7.0	0.9985288301111273	2	True	0.8588879000003544	1.0
7t2	3	62	20.0	30.0	1.0	0.55	False	30.0	20.0	0.4054651081081644	2	True	1.006016599999839	1.0
7t2	3	63	28.0	57.0	1.0	0.55	False	57.0	28.0	0.7108467576593461	2	True	1.8397499000002426	1.0
7t2	3	64	10.0	18.0	1.0	0.55	False	18.0	10.0	0.5877866649021191	2	True	1.2078433000001496	2.0
7t2	3	65	10.0	22.0	1.0	0.55	False	22.0	10.0	0.7884573603642703	2	True	1.6586651000002064	1.0
7t2	3	66	14.0	31.0	1.0	0.55	False	31.0	14.0	0.7949298748698876	2	True	1.9914570999999341	2.0
7t2	3	67	14.0	23.0	1.0	0.55	False	23.0	14.0	0.49643688631389105	2	True	1.4923111000002791	3.0
7t2	3	68	14.0	25.0	1.0	0.55	False	25.0	14.0	0.5798184952529422	2	True	1.2925959999997758	3.0
7t2	3	69	10.0	30.0	1.0	0.55	False	30.0	10.0	1.0986122886681098	2	True	0.6912704999999733	1.0
7t2	3	70	28.0	42.0	1.0	0.55	False	42.0	28.0	0.4054651081081644	2	True	1.0423648999999386	4.0
7t2	3	71	10.0	22.0	1.0	0.55	False	22.0	10.0	0.7884573603642703	2	True	1.2583970000000022	1.0
7t2	3	72	14.0	35.0	1.0	0.55	False	35.0	14.0	0.9162907318741551	2	True	0.9574563999999555	1.0
7t2	4	73	28.0	51.0	1.0	0.55	False	51.0	28.0	0.5996211225491218	1	False	1.4100917999999183	1.0
7t2	4	74	5.0	8.0	1.0	0.55	False	8.0	5.0	0.47000362924573563	1	False	1.7746154999999817	1.0
7t2	4	75	7.0	17.0	1.0	0.55	False	17.0	7.0	0.8873031950009027	2	True	2.2419073000000793	2.0
7t2	4	76	5.0	10.0	1.0	0.55	False	10.0	5.0	0.6931471805599453	2	True	2.191312999999809	2.0
7t2	4	77	20.0	30.0	1.0	0.55	False	30.0	20.0	0.4054651081081644	2	True	0.8752950000002784	1.0
7t2	4	78	28.0	57.0	1.0	0.55	False	57.0	28.0	0.7108467576593461	2	True	0.9901215000000008	1.0
7t2	4	79	14.0	35.0	1.0	0.55	False	35.0	14.0	0.9162907318741551	2	True	1.1581329000000835	1.0
7t2	4	80	20.0	50.0	1.0	0.55	False	50.0	20.0	0.9162907318741551	2	True	1.0572641000003387	1.0
7t2	4	81	7.0	19.0	1.0	0.55	False	19.0	7.0	0.9985288301111273	2	True	1.6408791999997163	3.0
7t2	4	82	5.0	9.0	1.0	0.55	False	9.0	5.0	0.5877866649021191	2	True	2.7086579000001336	3.0
7t2	4	83	7.0	11.0	1.0	0.55	False	11.0	7.0	0.4519851237430572	2	True	1.8252701999999772	3.0
7t2	4	84	5.0	8.0	1.0	0.55	False	8.0	5.0	0.47000362924573563	2	True	2.957008800000011	3.0
7t2	4	85	11.0	5.0	0.55	1.0	True	11.0	5.0	0.7884573603642703	2	False	2.808080999999646	3.0
7t2	4	86	14.0	7.0	0.55	1.0	True	14.0	7.0	0.6931471805599453	2	False	2.207522300000221	3.0
7t2	4	87	57.0	28.0	0.55	1.0	True	57.0	28.0	0.7108467576593461	1	True	1.1252407000002052	1.0
7t2	4	88	31.0	14.0	0.55	1.0	True	31.0	14.0	0.7949298748698876	1	True	1.1421761000001425	1.0
7t2	4	89	8.0	5.0	0.55	1.0	True	8.0	5.0	0.47000362924573563	1	True	1.4577060000001438	2.0
7t2	4	90	15.0	7.0	0.55	1.0	True	15.0	7.0	0.7621400520468967		True		
7t2	4	91	13.0	5.0	0.55	1.0	True	13.0	5.0	0.9555114450274363	1	True	1.9249135999998543	2.0
7t2	4	92	17.0	7.0	0.55	1.0	True	17.0	7.0	0.8873031950009027	2	False	1.7913183000000004	2.0
7t2	4	93	9.0	5.0	0.55	1.0	True	9.0	5.0	0.5877866649021191	1	True	2.1744523000002687	2.0
7t2	4	94	28.0	14.0	0.55	1.0	True	28.0	14.0	0.6931471805599453	1	True	1.5088254999996025	1.0
7t2	4	95	70.0	28.0	0.55	1.0	True	70.0	28.0	0.9162907318741551	1	True	1.9419676000002823	1.0
7t2	4	96	21.0	14.0	0.55	1.0	True	21.0	14.0	0.4054651081081644	2	False	1.1419361999997477	1.0
7t2	5	97	20.0	61.0	1.0	0.55	False	61.0	20.0	1.1151415906193203	2	True	0.8415535999993153	1.0
7t2	5	98	20.0	36.0	1.0	0.55	False	36.0	20.0	0.5877866649021191	2	True	1.3424688000004608	1.0
7t2	5	99	28.0	63.0	1.0	0.55	False	63.0	28.0	0.8109302162163288	2	True	0.8381002000005537	1.0
7t2	5	100	20.0	45.0	1.0	0.55	False	45.0	20.0	0.8109302162163288	1	False	1.7422179000004405	2.0
7t2	5	101	5.0	11.0	1.0	0.55	False	11.0	5.0	0.7884573603642703	2	True	2.2080855000003936	2.0
7t2	5	102	28.0	46.0	1.0	0.55	False	46.0	28.0	0.49643688631389105	2	True	0.8424190000005183	1.0
7t2	5	103	28.0	85.0	1.0	0.55	False	85.0	28.0	1.1104467463151124	2	True	0.8321292999999201	1.0
7t2	5	104	20.0	33.0	1.0	0.55	False	33.0	20.0	0.5007752879124892	1	False	1.7262489000004422	2.0
7t2	5	105	10.0	20.0	1.0	0.55	False	20.0	10.0	0.6931471805599453	2	True	1.5745477000000392	1.0
7t2	5	106	20.0	55.0	1.0	0.55	False	55.0	20.0	1.0116009116784799	2	True	0.8236139999999068	1.0
7t2	5	107	7.0	14.0	1.0	0.55	False	14.0	7.0	0.6931471805599453	2	True	2.9589360999998746	2.0
7t2	5	108	20.0	61.0	1.0	0.55	False	61.0	20.0	1.1151415906193203	2	True	0.6860373999997762	1.0
7t2	5	109	42.0	14.0	0.55	1.0	True	42.0	14.0	1.0986122886681098	1	True	1.5735514999996951	2.0
7t2	5	110	38.0	14.0	0.55	1.0	True	38.0	14.0	0.9985288301111273	1	True	0.5251924000003498	1.0
7t2	5	111	57.0	28.0	0.55	1.0	True	57.0	28.0	0.7108467576593461	2	False	1.8579120000003968	1.0
7t2	5	112	42.0	28.0	0.55	1.0	True	42.0	28.0	0.4054651081081644	2	False	0.8753868000003422	2.0
7t2	5	113	30.0	20.0	0.55	1.0	True	30.0	20.0	0.4054651081081644	2	False	2.1415937000001577	2.0
7t2	5	114	19.0	7.0	0.55	1.0	True	19.0	7.0	0.9985288301111273	1	True	1.708172700000432	1.0
7t2	5	115	30.0	10.0	0.55	1.0	True	30.0	10.0	1.0986122886681098	1	True	0.9235797000001185	2.0
7t2	5	116	10.0	7.0	0.55	1.0	True	10.0	7.0	0.3566749439387324	2	False	2.6249735000001237	3.0
7t2	5	117	30.0	20.0	0.55	1.0	True	30.0	20.0	0.4054651081081644		True		
7t2	5	118	42.0	28.0	0.55	1.0	True	42.0	28.0	0.4054651081081644	1	True	1.9242566000003194	2.0
7t2	5	119	12.0	7.0	0.55	1.0	True	12.0	7.0	0.5389965007326869	1	True	1.6246889999993641	2.0
7t2	5	120	63.0	28.0	0.55	1.0	True	63.0	28.0	0.8109302162163288	1	True	1.4757615999996574	1.0
7t2	6	121	19.0	7.0	0.55	1.0	True	19.0	7.0	0.9985288301111273	1	True	0.9101522999999432	2.0
7t2	6	122	77.0	28.0	0.55	1.0	True	77.0	28.0	1.0116009116784799	1	True	1.5747327999997651	1.0
7t2	6	123	20.0	10.0	0.55	1.0	True	20.0	10.0	0.6931471805599453	2	False	2.7592365000000427	3.0
7t2	6	124	13.0	5.0	0.55	1.0	True	13.0	5.0	0.9555114450274363	1	True	1.2080369999993934	2.0
7t2	6	125	55.0	20.0	0.55	1.0	True	55.0	20.0	1.0116009116784799	2	False	0.6926586999998108	2.0
7t2	6	126	11.0	7.0	0.55	1.0	True	11.0	7.0	0.4519851237430572	2	False	3.0086776000007376	3.0
7t2	6	127	51.0	28.0	0.55	1.0	True	51.0	28.0	0.5996211225491218	2	False	2.006974599999907	2.0
7t2	6	128	15.0	10.0	0.55	1.0	True	15.0	10.0	0.4054651081081644	1	True	2.1777627999999822	2.0
7t2	6	129	15.0	5.0	0.55	1.0	True	15.0	5.0	1.0986122886681098	1	True	0.9092105999998239	1.0
7t2	6	130	16.0	10.0	0.55	1.0	True	16.0	10.0	0.47000362924573563	2	False	1.9083809000003384	4.0
7t2	6	131	85.0	28.0	0.55	1.0	True	85.0	28.0	1.1104467463151124	1	True	0.9922731000005456	1.0
7t2	6	132	15.0	7.0	0.55	1.0	True	15.0	7.0	0.7621400520468967	1	True	0.9242546000004666	2.0
7t2	6	133	7.0	15.0	1.0	0.55	False	15.0	7.0	0.7621400520468967	2	True	1.4422951999995348	1.0
7t2	6	134	10.0	25.0	1.0	0.55	False	25.0	10.0	0.9162907318741551	2	True	0.8573103000008189	1.0
7t2	6	135	10.0	27.0	1.0	0.55	False	27.0	10.0	0.9932517730102834	2	True	1.2411946000002274	2.0
7t2	6	136	10.0	27.0	1.0	0.55	False	27.0	10.0	0.9932517730102834	1	False	1.5730716000007021	2.0
7t2	6	137	20.0	50.0	1.0	0.55	False	50.0	20.0	0.9162907318741551	1	False	1.2587391000006392	2.0
7t2	6	138	10.0	15.0	1.0	0.55	False	15.0	10.0	0.4054651081081644	1	False	2.2925944999997228	2.0
7t2	6	139	7.0	11.0	1.0	0.55	False	11.0	7.0	0.4519851237430572	1	False	1.8910679999999047	1.0
7t2	6	140	5.0	10.0	1.0	0.55	False	10.0	5.0	0.6931471805599453	2	True	2.0076429999999164	2.0
7t2	6	141	5.0	11.0	1.0	0.55	False	11.0	5.0	0.7884573603642703		True		
7t2	6	142	14.0	28.0	1.0	0.55	False	28.0	14.0	0.6931471805599453	1	False	1.8908304999994812	2.0
7t2	6	143	5.0	12.0	1.0	0.55	False	12.0	5.0	0.8754687373538999	2	True	3.40807209999997	4.0
7t2	6	144	20.0	33.0	1.0	0.55	False	33.0	20.0	0.5007752879124892	1	False	1.3735575000000608	1.0
7t2	7	145	20.0	40.0	1.0	0.55	False	40.0	20.0	0.6931471805599453	1	False	2.5109185000001233	3.0
7t2	7	146	7.0	10.0	1.0	0.55	False	10.0	7.0	0.3566749439387324	1	False	1.2586932999993223	1.0
7t2	7	147	7.0	21.0	1.0	0.55	False	21.0	7.0	1.0986122886681098		True		
7t2	7	148	28.0	46.0	1.0	0.55	False	46.0	28.0	0.49643688631389105	1	False	0.9754256000005483	1.0
7t2	7	149	7.0	15.0	1.0	0.55	False	15.0	7.0	0.7621400520468967	1	False	1.907344799999919	2.0
7t2	7	150	28.0	85.0	1.0	0.55	False	85.0	28.0	1.1104467463151124	2	True	0.8990992999997616	1.0
7t2	7	151	10.0	16.0	1.0	0.55	False	16.0	10.0	0.47000362924573563	1	False	1.475220999999678	1.0
7t2	7	152	20.0	45.0	1.0	0.55	False	45.0	20.0	0.8109302162163288	2	True	0.7403027000000151	2.0
7t2	7	153	14.0	42.0	1.0	0.55	False	42.0	14.0	1.0986122886681098	2	True	0.7262404000002789	1.0
7t2	7	154	5.0	7.0	1.0	0.55	False	7.0	5.0	0.3364722366212129	1	False	1.0757350999992923	1.0
7t2	7	155	14.0	28.0	1.0	0.55	False	28.0	14.0	0.6931471805599453		True		
7t2	7	156	14.0	25.0	1.0	0.55	False	25.0	14.0	0.5798184952529422	1	False	1.2082212000004802	2.0
7t2	7	157	27.0	10.0	0.55	1.0	True	27.0	10.0	0.9932517730102834	1	True	2.357564500000109	2.0
7t2	7	158	18.0	10.0	0.55	1.0	True	18.0	10.0	0.5877866649021191	1	True	1.4240704999992317	2.0
7t2	7	159	33.0	20.0	0.55	1.0	True	33.0	20.0	0.5007752879124892	2	False	1.6915767999999787	1.0
7t2	7	160	14.0	7.0	0.55	1.0	True	14.0	7.0	0.6931471805599453	1	True	2.106591200000338	2.0
7t2	7	161	12.0	5.0	0.55	1.0	True	12.0	5.0	0.8754687373538999		True		
7t2	7	162	10.0	7.0	0.55	1.0	True	10.0	7.0	0.3566749439387324	2	False	1.6576060999996116	2.0
7t2	7	163	33.0	20.0	0.55	1.0	True	33.0	20.0	0.5007752879124892	1	True	2.090607899999668	2.0
7t2	7	164	35.0	14.0	0.55	1.0	True	35.0	14.0	0.9162907318741551	1	True	1.2746071999999913	2.0
7t2	7	165	17.0	7.0	0.55	1.0	True	17.0	7.0	0.8873031950009027	1	True	0.8755157000005056	1.0
7t2	7	166	21.0	7.0	0.55	1.0	True	21.0	7.0	1.0986122886681098	1	True	0.6751751999999556	2.0
7t2	7	167	45.0	20.0	0.55	1.0	True	45.0	20.0	0.8109302162163288	1	True	0.8251153999999019	1.0
7t2	7	168	51.0	28.0	0.55	1.0	True	51.0	28.0	0.5996211225491218	1	True	0.8416240000005928	1.0
7t2	8	169	38.0	14.0	0.55	1.0	True	38.0	14.0	0.9985288301111273	1	True	1.710272299999815	2.0
7t2	8	170	12.0	5.0	0.55	1.0	True	12.0	5.0	0.8754687373538999	1	True	1.2745240000003832	3.0
7t2	8	171	11.0	5.0	0.55	1.0	True	11.0	5.0	0.7884573603642703	1	True	0.9255141000003277	1.0
7t2	8	172	21.0	14.0	0.55	1.0	True	21.0	14.0	0.4054651081081644	2	False	1.4594563999999224	3.0
7t2	8	173	40.0	20.0	0.55	1.0	True	40.0	20.0	0.6931471805599453	1	True	2.2072932000000804	3.0
7t2	8	174	12.0	7.0	0.55	1.0	True	12.0	7.0	0.5389965007326869	1	True	2.394510499999356	3.0
7t2	8	175	25.0	14.0	0.55	1.0	True	25.0	14.0	0.5798184952529422		True		
7t2	8	176	8.0	5.0	0.55	1.0	True	8.0	5.0	0.47000362924573563	2	False	2.375362499999966	3.0
7t2	8	177	27.0	10.0	0.55	1.0	True	27.0	10.0	0.9932517730102834	2	False	0.9922771999999895	1.0
7t2	8	178	55.0	20.0	0.55	1.0	True	55.0	20.0	1.0116009116784799	1	True	0.8087068000004365	1.0
7t2	8	179	70.0	28.0	0.55	1.0	True	70.0	28.0	0.9162907318741551	1	True	2.341165300000256	2.0
7t2	8	180	21.0	7.0	0.55	1.0	True	21.0	7.0	1.0986122886681098	1	True	0.8906612999999197	2.0
7t2	8	181	7.0	12.0	1.0	0.55	False	12.0	7.0	0.5389965007326869	1	False	2.1909106000002794	2.0
7t2	8	182	5.0	15.0	1.0	0.55	False	15.0	5.0	1.0986122886681098	2	True	3.574233399999713	2.0
7t2	8	183	5.0	9.0	1.0	0.55	False	9.0	5.0	0.5877866649021191		True		
7t2	8	184	14.0	21.0	1.0	0.55	False	21.0	14.0	0.4054651081081644	1	False	1.5911891999994623	1.0
7t2	8	185	28.0	77.0	1.0	0.55	False	77.0	28.0	1.0116009116784799	2	True	2.1828207999997176	1.0
7t2	8	186	14.0	23.0	1.0	0.55	False	23.0	14.0	0.49643688631389105	2	True	1.791253299999937	2.0
7t2	8	187	7.0	14.0	1.0	0.55	False	14.0	7.0	0.6931471805599453	1	False	2.992394900000363	3.0
7t2	8	188	5.0	15.0	1.0	0.55	False	15.0	5.0	1.0986122886681098		True		
7t2	8	189	5.0	12.0	1.0	0.55	False	12.0	5.0	0.8754687373538999	2	True	2.721772300000339	3.0
7t2	8	190	20.0	36.0	1.0	0.55	False	36.0	20.0	0.5877866649021191	1	False	1.0754701000005866	2.0
7t2	8	191	10.0	20.0	1.0	0.55	False	20.0	10.0	0.6931471805599453		True		
7t2	8	192	28.0	51.0	1.0	0.55	False	51.0	28.0	0.5996211225491218	1	False	2.174324499999784	2.0
